{"m_Name":"Louge","m_Gender":0,"m_Race":0,"m_Lv":1,"m_Hp":20,"m_Atk":10,"m_Def":5,"m_Agi":1,"m_Dex":1.0,"m_Eva":1.0,"m_CriticalRate":1.0,"m_Res":0.10000000149011612,"m_Ex":0,"m_Satiety":100.0,"m_Luk":0.10000000149011612}
