{"cameraMode":{"drawMode":0,"name":"Shaded","section":"Shading Mode"},"sceneLighting":false,"audioPlay":false,"sceneViewState":{"showFog":true,"showMaterialUpdate":false,"showSkybox":false,"showFlares":true,"showImageEffects":true,"showParticleSystems":true},"in2DMode":false,"pivot":{"x":-0.8368087410926819,"y":0.3109627962112427,"z":0.015439063310623169},"rotation":{"x":0.3313148319721222,"y":-0.1602613925933838,"z":0.05721362680196762,"w":0.9280492663383484},"size":1.9465688467025757,"orthographic":true}