{"cameraMode":{"drawMode":0,"name":"Shaded","section":"Shading Mode"},"sceneLighting":false,"audioPlay":false,"sceneViewState":{"showFog":true,"showMaterialUpdate":false,"showSkybox":false,"showFlares":true,"showImageEffects":true,"showParticleSystems":true},"in2DMode":false,"pivot":{"x":0.3246726989746094,"y":-0.4801386296749115,"z":-0.1403036117553711},"rotation":{"x":0.31148234009742739,"y":-0.4019601047039032,"z":0.1475924700498581,"w":0.8483074307441711},"size":1.3304190635681153,"orthographic":true}