{"cameraMode":{"drawMode":0,"name":"Shaded","section":"Shading Mode"},"sceneLighting":false,"audioPlay":false,"sceneViewState":{"showFog":true,"showMaterialUpdate":false,"showSkybox":false,"showFlares":true,"showImageEffects":true,"showParticleSystems":true},"in2DMode":false,"pivot":{"x":-3.251160144805908,"y":1.9241278171539307,"z":-3.6677398681640627},"rotation":{"x":0.21867553889751435,"y":-0.08914201706647873,"z":0.02006482519209385,"w":0.971511721611023},"size":5.154298305511475,"orthographic":true}