{"cameraMode":{"drawMode":0,"name":"Shaded","section":"Shading Mode"},"sceneLighting":false,"audioPlay":false,"sceneViewState":{"showFog":true,"showMaterialUpdate":false,"showSkybox":false,"showFlares":true,"showImageEffects":true,"showParticleSystems":true},"in2DMode":false,"pivot":{"x":-1.6759941577911378,"y":0.5193406343460083,"z":1.619854211807251},"rotation":{"x":0.12405471503734589,"y":-0.1261562705039978,"z":0.01590326614677906,"w":0.9840957522392273},"size":1.3140465021133423,"orthographic":true}