{"cameraMode":{"drawMode":0,"name":"Shaded","section":"Shading Mode"},"sceneLighting":false,"audioPlay":false,"sceneViewState":{"showFog":true,"showMaterialUpdate":false,"showSkybox":false,"showFlares":true,"showImageEffects":true,"showParticleSystems":true},"in2DMode":false,"pivot":{"x":0.0054171085357666019,"y":0.22068524360656739,"z":0.005351841449737549},"rotation":{"x":0.413377046585083,"y":-0.05185651406645775,"z":0.023588018491864206,"w":0.9087766408920288},"size":2.5770106315612795,"orthographic":true}