{"cameraMode":{"drawMode":0,"name":"Shaded","section":"Shading Mode"},"sceneLighting":false,"audioPlay":false,"sceneViewState":{"showFog":true,"showMaterialUpdate":false,"showSkybox":false,"showFlares":true,"showImageEffects":true,"showParticleSystems":true},"in2DMode":false,"pivot":{"x":-0.8536065816879273,"y":0.4484277069568634,"z":0.6437053680419922},"rotation":{"x":0.094481460750103,"y":-0.27262771129608157,"z":0.026912475004792215,"w":0.9570930600166321},"size":1.3552868366241456,"orthographic":true}