{"cameraMode":{"drawMode":0,"name":"Shaded","section":"Shading Mode"},"sceneLighting":false,"audioPlay":false,"sceneViewState":{"showFog":true,"showMaterialUpdate":false,"showSkybox":false,"showFlares":true,"showImageEffects":true,"showParticleSystems":true},"in2DMode":false,"pivot":{"x":-3.238842725753784,"y":7.2726850509643559,"z":-14.026473999023438},"rotation":{"x":0.1832343339920044,"y":-0.1074085459113121,"z":0.020144546404480935,"w":0.9769777059555054},"size":3.1099929809570314,"orthographic":true}