{"cameraMode":{"drawMode":0,"name":"Shaded","section":"Shading Mode"},"sceneLighting":false,"audioPlay":false,"sceneViewState":{"showFog":true,"showMaterialUpdate":false,"showSkybox":false,"showFlares":true,"showImageEffects":true,"showParticleSystems":true},"in2DMode":false,"pivot":{"x":2.376418352127075,"y":0.6623275279998779,"z":-3.5958919525146486},"rotation":{"x":0.1076943576335907,"y":-0.13379301130771638,"z":0.01462719589471817,"w":0.9850327372550964},"size":1.968883991241455,"orthographic":true}