{"cameraMode":{"drawMode":0,"name":"Shaded","section":"Shading Mode"},"sceneLighting":true,"audioPlay":false,"sceneViewState":{"showFog":true,"showMaterialUpdate":false,"showSkybox":true,"showFlares":true,"showImageEffects":true,"showParticleSystems":true},"in2DMode":false,"pivot":{"x":13.221458435058594,"y":0.8033977746963501,"z":13.145499229431153},"rotation":{"x":0.2452664077281952,"y":0.06682941317558289,"z":-0.016949793323874475,"w":0.9670023918151856},"size":13.793350219726563,"orthographic":true}