{"cameraMode":{"drawMode":0,"name":"Shaded","section":"Shading Mode"},"sceneLighting":false,"audioPlay":false,"sceneViewState":{"showFog":true,"showMaterialUpdate":false,"showSkybox":false,"showFlares":true,"showImageEffects":true,"showParticleSystems":true},"in2DMode":false,"pivot":{"x":0.7278721332550049,"y":1.1640632152557374,"z":-1.515718698501587},"rotation":{"x":0.2306789606809616,"y":-0.2477799355983734,"z":0.06087193265557289,"w":0.9389836192131043},"size":1.1160420179367066,"orthographic":true}