{"cameraMode":{"drawMode":0,"name":"Shaded","section":"Shading Mode"},"sceneLighting":false,"audioPlay":false,"sceneViewState":{"showFog":true,"showMaterialUpdate":false,"showSkybox":false,"showFlares":true,"showImageEffects":true,"showParticleSystems":true},"in2DMode":false,"pivot":{"x":-0.511401891708374,"y":0.5318537950515747,"z":-1.299048662185669},"rotation":{"x":-0.1505594700574875,"y":0.12657099962234498,"z":-0.01943972148001194,"w":-0.9802737832069397},"size":0.9733045101165772,"orthographic":true}