{"cameraMode":{"drawMode":0,"name":"Shaded","section":"Shading Mode"},"sceneLighting":false,"audioPlay":false,"sceneViewState":{"showFog":true,"showMaterialUpdate":false,"showSkybox":false,"showFlares":true,"showImageEffects":true,"showParticleSystems":true},"in2DMode":false,"pivot":{"x":-3.2128686904907228,"y":0.7163699865341187,"z":-16.084627151489259},"rotation":{"x":0.21867553889751435,"y":-0.08914201706647873,"z":0.02006482519209385,"w":0.971511721611023},"size":5.937577724456787,"orthographic":true}