{"cameraMode":{"drawMode":0,"name":"Shaded","section":"Shading Mode"},"sceneLighting":false,"audioPlay":false,"sceneViewState":{"showFog":true,"showMaterialUpdate":false,"showSkybox":false,"showFlares":true,"showImageEffects":true,"showParticleSystems":true},"in2DMode":false,"pivot":{"x":-0.7151159048080444,"y":0.547776997089386,"z":2.8988101482391359},"rotation":{"x":0.09662599861621857,"y":0.1796322762966156,"z":-0.017732802778482438,"w":0.9788192510604858},"size":1.3371444940567017,"orthographic":true}