{"cameraMode":{"drawMode":0,"name":"Shaded","section":"Shading Mode"},"sceneLighting":false,"audioPlay":false,"sceneViewState":{"showFog":true,"showMaterialUpdate":false,"showSkybox":false,"showFlares":true,"showImageEffects":true,"showParticleSystems":true},"in2DMode":false,"pivot":{"x":-1.9688584804534913,"y":0.5130621790885925,"z":-1.159999966621399},"rotation":{"x":0.09845175594091416,"y":-0.15901625156402589,"z":0.015934472903609277,"w":0.9822323322296143},"size":0.9730892181396484,"orthographic":true}