{"cameraMode":{"drawMode":0,"name":"Shaded","section":"Shading Mode"},"sceneLighting":false,"audioPlay":false,"sceneViewState":{"showFog":true,"showMaterialUpdate":false,"showSkybox":false,"showFlares":true,"showImageEffects":true,"showParticleSystems":true},"in2DMode":false,"pivot":{"x":-19.304885864257814,"y":2.447401285171509,"z":-5.825504302978516},"rotation":{"x":0.42582079768180849,"y":-0.5491090416908264,"z":0.3849266767501831,"w":0.60744708776474},"size":9.460144996643067,"orthographic":true}