{"cameraMode":{"drawMode":0,"name":"Shaded","section":"Shading Mode"},"sceneLighting":false,"audioPlay":false,"sceneViewState":{"showFog":true,"showMaterialUpdate":false,"showSkybox":false,"showFlares":true,"showImageEffects":true,"showParticleSystems":true},"in2DMode":false,"pivot":{"x":0.9324767589569092,"y":0.5959213972091675,"z":2.8432188034057619},"rotation":{"x":0.18595772981643678,"y":-0.16856037080287934,"z":0.032399728894233707,"w":0.9674500823020935},"size":1.2791787385940552,"orthographic":true}