{"cameraMode":{"drawMode":0,"name":"Shaded","section":"Shading Mode"},"sceneLighting":true,"audioPlay":false,"sceneViewState":{"showFog":true,"showMaterialUpdate":false,"showSkybox":true,"showFlares":true,"showImageEffects":true,"showParticleSystems":true},"in2DMode":false,"pivot":{"x":13.18446159362793,"y":-7.613064765930176,"z":15.464374542236329},"rotation":{"x":0.6866668462753296,"y":-0.0021810235921293499,"z":0.002060031984001398,"w":0.7269668579101563},"size":30.628177642822267,"orthographic":true}