{"cameraMode":{"drawMode":0,"name":"Shaded","section":"Shading Mode"},"sceneLighting":false,"audioPlay":false,"sceneViewState":{"showFog":true,"showMaterialUpdate":false,"showSkybox":false,"showFlares":true,"showImageEffects":true,"showParticleSystems":true},"in2DMode":false,"pivot":{"x":0.23009233176708222,"y":0.5878725051879883,"z":1.2703675031661988},"rotation":{"x":0.12405471503734589,"y":-0.1261562705039978,"z":0.01590326614677906,"w":0.9840957522392273},"size":3.2579522132873537,"orthographic":true}