{"cameraMode":{"drawMode":0,"name":"Shaded","section":"Shading Mode"},"sceneLighting":false,"audioPlay":false,"sceneViewState":{"showFog":true,"showMaterialUpdate":false,"showSkybox":false,"showFlares":true,"showImageEffects":true,"showParticleSystems":true},"in2DMode":false,"pivot":{"x":-2.046034097671509,"y":0.5198968052864075,"z":-1.151035189628601},"rotation":{"x":0.14582018554210664,"y":0.4318731129169464,"z":-0.07098432630300522,"w":0.887240469455719},"size":1.45362389087677,"orthographic":true}