{"cameraMode":{"drawMode":0,"name":"Shaded","section":"Shading Mode"},"sceneLighting":false,"audioPlay":false,"sceneViewState":{"showFog":true,"showMaterialUpdate":false,"showSkybox":false,"showFlares":true,"showImageEffects":true,"showParticleSystems":true},"in2DMode":false,"pivot":{"x":-1.308074712753296,"y":-0.6561561822891235,"z":3.512477397918701},"rotation":{"x":0.23002541065216065,"y":0.14821882545948029,"z":-0.03547085449099541,"w":0.9611783623695374},"size":22.0,"orthographic":true}