{"cameraMode":{"drawMode":0,"name":"Shaded","section":"Shading Mode"},"sceneLighting":false,"audioPlay":false,"sceneViewState":{"showFog":true,"showMaterialUpdate":false,"showSkybox":false,"showFlares":true,"showImageEffects":true,"showParticleSystems":true},"in2DMode":false,"pivot":{"x":0.149169921875,"y":0.8583984375,"z":0.4619140625},"rotation":{"x":0.5629739761352539,"y":0.05321848392486572,"z":-0.03636248782277107,"w":0.8239601254463196},"size":2.1528031826019289,"orthographic":true}