{"cameraMode":{"drawMode":0,"name":"Shaded","section":"Shading Mode"},"sceneLighting":false,"audioPlay":false,"sceneViewState":{"showFog":true,"showMaterialUpdate":false,"showSkybox":false,"showFlares":true,"showImageEffects":true,"showParticleSystems":true},"in2DMode":false,"pivot":{"x":-2.217101573944092,"y":2.4108331203460695,"z":-3.2873382568359377},"rotation":{"x":0.21867553889751435,"y":-0.08914201706647873,"z":0.02006482519209385,"w":0.971511721611023},"size":8.614423751831055,"orthographic":true}