{"cameraMode":{"drawMode":0,"name":"Shaded","section":"Shading Mode"},"sceneLighting":true,"audioPlay":false,"sceneViewState":{"showFog":true,"showMaterialUpdate":false,"showSkybox":true,"showFlares":true,"showImageEffects":true,"showParticleSystems":true},"in2DMode":false,"pivot":{"x":10.619637489318848,"y":4.6640625,"z":13.6954345703125},"rotation":{"x":-0.6179798245429993,"y":-0.014858279377222062,"z":0.01168219093233347,"w":-0.7859694361686707},"size":30.640060424804689,"orthographic":true}