{"cameraMode":{"drawMode":0,"name":"Shaded","section":"Shading Mode"},"sceneLighting":false,"audioPlay":false,"sceneViewState":{"showFog":true,"showMaterialUpdate":false,"showSkybox":false,"showFlares":true,"showImageEffects":true,"showParticleSystems":true},"in2DMode":false,"pivot":{"x":-0.008858323097229004,"y":0.4330621361732483,"z":-0.033730462193489078},"rotation":{"x":-0.0007238132529892027,"y":0.9984071254730225,"z":-0.05486609414219856,"w":-0.013183148577809334},"size":3.0936317443847658,"orthographic":true}