{"cameraMode":{"drawMode":0,"name":"Shaded","section":"Shading Mode"},"sceneLighting":false,"audioPlay":false,"sceneViewState":{"showFog":true,"showMaterialUpdate":false,"showSkybox":false,"showFlares":true,"showImageEffects":true,"showParticleSystems":true},"in2DMode":false,"pivot":{"x":1.1630536317825318,"y":0.5204508304595947,"z":-3.2349257469177248},"rotation":{"x":0.182698056101799,"y":-0.130823016166687,"z":0.024535976350307466,"w":0.9741199612617493},"size":0.998813271522522,"orthographic":true}