{"cameraMode":{"drawMode":0,"name":"Shaded","section":"Shading Mode"},"sceneLighting":false,"audioPlay":false,"sceneViewState":{"showFog":true,"showMaterialUpdate":false,"showSkybox":false,"showFlares":true,"showImageEffects":true,"showParticleSystems":true},"in2DMode":false,"pivot":{"x":1.1706830263137818,"y":0.5775797367095947,"z":-3.2315077781677248},"rotation":{"x":0.1636333465576172,"y":-0.25859180092811587,"z":0.044495031237602237,"w":0.950987696647644},"size":1.3891973495483399,"orthographic":true}