{"cameraMode":{"drawMode":0,"name":"Shaded","section":"Shading Mode"},"sceneLighting":false,"audioPlay":false,"sceneViewState":{"showFog":true,"showMaterialUpdate":false,"showSkybox":false,"showFlares":true,"showImageEffects":true,"showParticleSystems":true},"in2DMode":false,"pivot":{"x":-2.019178628921509,"y":0.5028069615364075,"z":-1.154209017753601},"rotation":{"x":-0.011101186275482178,"y":-0.007499288767576218,"z":-0.00008737434109207243,"w":0.9999173283576965},"size":0.9730892181396484,"orthographic":true}