{"cameraMode":{"drawMode":0,"name":"Shaded","section":"Shading Mode"},"sceneLighting":false,"audioPlay":false,"sceneViewState":{"showFog":true,"showMaterialUpdate":false,"showSkybox":false,"showFlares":true,"showImageEffects":true,"showParticleSystems":true},"in2DMode":false,"pivot":{"x":-1.2220792770385743,"y":0.5926996469497681,"z":-3.1619985103607179},"rotation":{"x":0.14995244145393372,"y":-0.27770426869392397,"z":0.04393208399415016,"w":0.9478754997253418},"size":1.8293877840042115,"orthographic":true}