{"cameraMode":{"drawMode":0,"name":"Shaded","section":"Shading Mode"},"sceneLighting":false,"audioPlay":false,"sceneViewState":{"showFog":true,"showMaterialUpdate":false,"showSkybox":false,"showFlares":true,"showImageEffects":true,"showParticleSystems":true},"in2DMode":false,"pivot":{"x":-2.019178628921509,"y":0.5028069615364075,"z":-1.154209017753601},"rotation":{"x":0.08739447593688965,"y":-0.09399597346782685,"z":0.008279510773718357,"w":0.9917017221450806},"size":1.067468523979187,"orthographic":true}