{"cameraMode":{"drawMode":0,"name":"Shaded","section":"Shading Mode"},"sceneLighting":false,"audioPlay":false,"sceneViewState":{"showFog":true,"showMaterialUpdate":false,"showSkybox":false,"showFlares":true,"showImageEffects":true,"showParticleSystems":true},"in2DMode":false,"pivot":{"x":-0.004036545753479004,"y":0.4137139916419983,"z":-0.032998040318489078},"rotation":{"x":0.03389141336083412,"y":0.0044967071153223518,"z":-0.00015251968579832464,"w":0.9994187951087952},"size":0.9534960389137268,"orthographic":true}