{"cameraMode":{"drawMode":0,"name":"Shaded","section":"Shading Mode"},"sceneLighting":true,"audioPlay":false,"sceneViewState":{"showFog":true,"showMaterialUpdate":false,"showSkybox":true,"showFlares":true,"showImageEffects":true,"showParticleSystems":true},"in2DMode":false,"pivot":{"x":4.795539855957031,"y":6.18942403793335,"z":21.737796783447267},"rotation":{"x":0.1067952960729599,"y":0.804080069065094,"z":-0.1520550400018692,"w":0.5647395849227905},"size":15.774262428283692,"orthographic":true}