{"cameraMode":{"drawMode":0,"name":"Shaded","section":"Shading Mode"},"sceneLighting":false,"audioPlay":false,"sceneViewState":{"showFog":true,"showMaterialUpdate":false,"showSkybox":false,"showFlares":true,"showImageEffects":true,"showParticleSystems":true},"in2DMode":false,"pivot":{"x":-2.74013090133667,"y":7.266568183898926,"z":-14.154074668884278},"rotation":{"x":0.29773253202438357,"y":-0.09573337435722351,"z":0.030023299157619478,"w":0.9493634104728699},"size":1.4103889465332032,"orthographic":true}