{"cameraMode":{"drawMode":0,"name":"Shaded","section":"Shading Mode"},"sceneLighting":false,"audioPlay":false,"sceneViewState":{"showFog":true,"showMaterialUpdate":false,"showSkybox":false,"showFlares":true,"showImageEffects":true,"showParticleSystems":true},"in2DMode":false,"pivot":{"x":0.021846085786819459,"y":0.581899881362915,"z":0.0053376853466033939},"rotation":{"x":-0.026014165952801706,"y":-0.9713741540908814,"z":0.12689422070980073,"w":-0.19913646578788758},"size":1.3305222988128663,"orthographic":true}