{"cameraMode":{"drawMode":0,"name":"Shaded","section":"Shading Mode"},"sceneLighting":true,"audioPlay":false,"sceneViewState":{"showFog":true,"showMaterialUpdate":false,"showSkybox":true,"showFlares":true,"showImageEffects":true,"showParticleSystems":true},"in2DMode":false,"pivot":{"x":10.071752548217774,"y":0.5234375,"z":15.17626953125},"rotation":{"x":0.6866668462753296,"y":-0.0021810235921293499,"z":0.002060031984001398,"w":0.7269668579101563},"size":29.214092254638673,"orthographic":true}