{"cameraMode":{"drawMode":0,"name":"Shaded","section":"Shading Mode"},"sceneLighting":false,"audioPlay":false,"sceneViewState":{"showFog":true,"showMaterialUpdate":false,"showSkybox":false,"showFlares":true,"showImageEffects":true,"showParticleSystems":true},"in2DMode":false,"pivot":{"x":1.1706830263137818,"y":0.5775797367095947,"z":-3.2315077781677248},"rotation":{"x":0.182698056101799,"y":-0.130823016166687,"z":0.024535976350307466,"w":0.9741199612617493},"size":0.9754529595375061,"orthographic":true}