{"cameraMode":{"drawMode":0,"name":"Shaded","section":"Shading Mode"},"sceneLighting":false,"audioPlay":false,"sceneViewState":{"showFog":true,"showMaterialUpdate":false,"showSkybox":false,"showFlares":true,"showImageEffects":true,"showParticleSystems":true},"in2DMode":false,"pivot":{"x":1.6030923128128052,"y":1.6278727054595948,"z":-0.3476325273513794},"rotation":{"x":0.21867553889751435,"y":-0.08914201706647873,"z":0.02006482519209385,"w":0.971511721611023},"size":3.2579522132873537,"orthographic":true}