{"cameraMode":{"drawMode":0,"name":"Shaded","section":"Shading Mode"},"sceneLighting":true,"audioPlay":false,"sceneViewState":{"showFog":true,"showMaterialUpdate":false,"showSkybox":true,"showFlares":true,"showImageEffects":true,"showParticleSystems":true},"in2DMode":false,"pivot":{"x":14.625009536743164,"y":2.724304437637329,"z":18.457324981689454},"rotation":{"x":0.1067952960729599,"y":0.804080069065094,"z":-0.1520550400018692,"w":0.5647395849227905},"size":19.118471145629884,"orthographic":true}