{"cameraMode":{"drawMode":0,"name":"Shaded","section":"Shading Mode"},"sceneLighting":false,"audioPlay":false,"sceneViewState":{"showFog":true,"showMaterialUpdate":false,"showSkybox":false,"showFlares":true,"showImageEffects":true,"showParticleSystems":true},"in2DMode":false,"pivot":{"x":3.174144744873047,"y":1.5674803256988526,"z":-1.4537310600280762},"rotation":{"x":0.18763954937458039,"y":-0.2332257479429245,"z":0.04591841623187065,"w":0.9530442953109741},"size":1.3286974430084229,"orthographic":true}