{"cameraMode":{"drawMode":0,"name":"Shaded","section":"Shading Mode"},"sceneLighting":false,"audioPlay":false,"sceneViewState":{"showFog":true,"showMaterialUpdate":false,"showSkybox":false,"showFlares":true,"showImageEffects":true,"showParticleSystems":true},"in2DMode":false,"pivot":{"x":-3.382868766784668,"y":1.1407811641693116,"z":-10.113605499267579},"rotation":{"x":0.4451885223388672,"y":-0.006715374067425728,"z":0.0033393637277185919,"w":0.8954079151153565},"size":10.162400245666504,"orthographic":true}