{"cameraMode":{"drawMode":0,"name":"Shaded","section":"Shading Mode"},"sceneLighting":false,"audioPlay":false,"sceneViewState":{"showFog":true,"showMaterialUpdate":false,"showSkybox":false,"showFlares":true,"showImageEffects":true,"showParticleSystems":true},"in2DMode":false,"pivot":{"x":-3.2128686904907228,"y":0.7163699865341187,"z":-16.084627151489259},"rotation":{"x":0.31923651695251467,"y":0.22995752096176148,"z":-0.08015573024749756,"w":0.9158525466918945},"size":5.937577724456787,"orthographic":true}