{"cameraMode":{"drawMode":0,"name":"Shaded","section":"Shading Mode"},"sceneLighting":false,"audioPlay":false,"sceneViewState":{"showFog":true,"showMaterialUpdate":false,"showSkybox":false,"showFlares":true,"showImageEffects":true,"showParticleSystems":true},"in2DMode":false,"pivot":{"x":9.320305824279786,"y":5.383078575134277,"z":-2.3248934745788576},"rotation":{"x":0.2383115142583847,"y":0.6643439531326294,"z":-0.23717142641544343,"w":0.6675374507904053},"size":8.416671752929688,"orthographic":true}