{"cameraMode":{"drawMode":0,"name":"Shaded","section":"Shading Mode"},"sceneLighting":false,"audioPlay":false,"sceneViewState":{"showFog":true,"showMaterialUpdate":false,"showSkybox":false,"showFlares":true,"showImageEffects":true,"showParticleSystems":true},"in2DMode":false,"pivot":{"x":-1.6252498626708985,"y":1.3673558235168458,"z":32.6339225769043},"rotation":{"x":0.31148234009742739,"y":-0.4019601047039032,"z":0.1475924700498581,"w":0.8483074307441711},"size":4.788915634155273,"orthographic":true}