{"cameraMode":{"drawMode":0,"name":"Shaded","section":"Shading Mode"},"sceneLighting":true,"audioPlay":false,"sceneViewState":{"showFog":true,"showMaterialUpdate":false,"showSkybox":true,"showFlares":true,"showImageEffects":true,"showParticleSystems":true},"in2DMode":false,"pivot":{"x":15.966270446777344,"y":0.9430621862411499,"z":17.00885772705078},"rotation":{"x":0.21381625533103944,"y":-0.7652673721313477,"z":0.31537044048309328,"w":0.518837571144104},"size":3.4642887115478517,"orthographic":true}