{"cameraMode":{"drawMode":0,"name":"Shaded","section":"Shading Mode"},"sceneLighting":false,"audioPlay":false,"sceneViewState":{"showFog":true,"showMaterialUpdate":false,"showSkybox":false,"showFlares":true,"showImageEffects":true,"showParticleSystems":true},"in2DMode":false,"pivot":{"x":-2.312746047973633,"y":0.6257350444793701,"z":3.5403378009796144},"rotation":{"x":0.19683684408664704,"y":-0.4438552260398865,"z":0.10060621798038483,"w":0.8684062361717224},"size":1.0369353294372559,"orthographic":true}