{"cameraMode":{"drawMode":0,"name":"Shaded","section":"Shading Mode"},"sceneLighting":false,"audioPlay":false,"sceneViewState":{"showFog":true,"showMaterialUpdate":false,"showSkybox":false,"showFlares":true,"showImageEffects":true,"showParticleSystems":true},"in2DMode":false,"pivot":{"x":-0.021851837635040284,"y":0.6312394142150879,"z":-3.6369357109069826},"rotation":{"x":0.12405471503734589,"y":-0.1261562705039978,"z":0.01590326614677906,"w":0.9840957522392273},"size":2.0150258541107179,"orthographic":true}