{"cameraMode":{"drawMode":0,"name":"Shaded","section":"Shading Mode"},"sceneLighting":false,"audioPlay":false,"sceneViewState":{"showFog":true,"showMaterialUpdate":false,"showSkybox":false,"showFlares":true,"showImageEffects":true,"showParticleSystems":true},"in2DMode":false,"pivot":{"x":-1.561345100402832,"y":7.072300910949707,"z":-15.302810668945313},"rotation":{"x":0.05411204695701599,"y":0.16548241674900056,"z":-0.00909373164176941,"w":0.9846861958503723},"size":3.0913994312286379,"orthographic":true}