{"cameraMode":{"drawMode":0,"name":"Shaded","section":"Shading Mode"},"sceneLighting":false,"audioPlay":false,"sceneViewState":{"showFog":true,"showMaterialUpdate":false,"showSkybox":false,"showFlares":true,"showImageEffects":true,"showParticleSystems":true},"in2DMode":false,"pivot":{"x":-0.8536065816879273,"y":0.4484277069568634,"z":0.6437053680419922},"rotation":{"x":0.10901017487049103,"y":-0.14410503208637238,"z":0.015973372384905816,"w":0.9834120869636536},"size":0.8951729536056519,"orthographic":true}